1A,3MMAI,Analyse pour l'ingénieur
1A,3MMANGS1,Anglais
1A,3MMARCHI,Architecture : circuits numériques et éléments d'architecture
1A,3MMBPI,Bases de la programmation impérative
1A,3MMCFM,Conférences métiers de l'ingénieur
1A,3MMEG,Economie générale
1A,3MMEPSS1,"Activités physiques, sportives et artistiques"
1A,3MMGE,Gestion d'entreprise
1A,3MMIFM,Introduction à la formalisation en mathématiques
1A,3MMMAPS1,Module d'accompagnement professionnel sem. 1
1A,3MMPA1,Probabilités appliquées
1A,3MMSALG,Soutien en algorithmique et programmation
1A,3MMSANA,Soutien en analyse
1A,3MMSECU,Sécurité
1A,3MMTINF,Théorie de l'information
1A,3MMTL1,Théorie des langages 1
1A,3MMUNIX,Unix : introduction et programmation shell
1A,3MMALLS1,LV2
1A,3MMEEV,L'éthique et vous
1A,3MMSAS1,Soutien en anglais
1A,3MMTANS1,Projet TANDEM
2A IF,4MMANGS1,Anglais
2A IF,4MMAOD6,Algorithmique et optimisation discrète
2A IF,4MMEPSS1,"Activités physiques, sportives et artistiques"
2A IF,4MMGDPGL,Gestion de projet de génie logiciel
2A IF,4MMIFEE6,"Investissement, Financement et Evaluation d'Entreprises"
2A IF,4MMPBD,Projet BD
2A IF,4MMPGL6,Projet génie logiciel
2A IF,4MMPOO6,Programmation orientée objet
2A IF,4MMPPIP,Projet personnel et integration professionnelle
2A IF,4MMPSAF6,Processus stochastique et applications financières 
2A IF,4MMPSGBD,Principes des systemes de gestion de bases de donnees
2A IF,4MMSEPC,Système d'exploitation et programmation concurrente
2A IF,4MMTF4,Théorie financière
2A IF,4MMALLS1,LV2
2A IF,4MMCECA1,Création d'entreprise et création d'activite
2A IF,4MMMOS1,Management des organisations
2A IF,4MMMTA,Le marché : théorie et applications
2A IF,4MMSANG,Soutien en anglais
2A IF,4MMSM,Stratégie - Marketing
2A IF,4MMTANS1,Projet TANDEM
2A ISI,4MMANGS1,Anglais
2A ISI,4MMAOD6,Algorithmique et optimisation discrète
2A ISI,4MMEPSS1,"Activités physiques, sportives et artistiques"
2A ISI,4MMFLI,Fondements logiques pour l'informatique
2A ISI,4MMGDPGL,Gestion de projet de génie logiciel
2A ISI,4MMPBD,Projet BD
2A ISI,4MMPCSEF,Projet de conception de systèmes d'exploitation - fondements
2A ISI,4MMPDI,Principes de l'Internet
2A ISI,4MMPGL6,Projet génie logiciel
2A ISI,4MMPOO6,Programmation orientée objet
2A ISI,4MMPPIP,Projet personnel et integration professionnelle
2A ISI,4MMPSGBD,Principes des systemes de gestion de bases de donnees
2A ISI,4MMSEPC,Système d'exploitation et programmation concurrente
2A ISI,4MMALLS1,LV2
2A ISI,4MMCECA1,Création d'entreprise et création d'activite
2A ISI,4MMMOS1,Management des organisations
2A ISI,4MMMTA,Le marché : théorie et applications
2A ISI,4MMSANG,Soutien en anglais
2A ISI,4MMSM,Stratégie - Marketing
2A ISI,4MMTANS1,Projet TANDEM
2A ISSC,4MMANGS1,Anglais
2A ISSC,4MMCSR6,Codage et sécurité des réseaux
2A ISSC,4MMEPSS1,"Activités physiques, sportives et artistiques"
2A ISSC,4MMGDPGL,Gestion de projet de génie logiciel
2A ISSC,4MMPCSEF,Projet de conception de systèmes d'exploitation - fondements
2A ISSC,4MMPGL6,Projet génie logiciel
2A ISSC,4MMPOO6,Programmation orientée objet
2A ISSC,4MMPPIP,Projet personnel et integration professionnelle
2A ISSC,4MMRIP,Réseaux IP
2A ISSC,4MMSEPC,Système d'exploitation et programmation concurrente
2A ISSC,4MMALLS1,LV2
2A ISSC,4MMAPMA,Algorithmique et programmation - mise a niveau
2A ISSC,4MMAUT6,Automatique
2A ISSC,4MMCECA1,Création d'entreprise et création d'activite
2A ISSC,4MMGAMN,Graphes et applications - mise à niveau
2A ISSC,4MMMOS1,Management des organisations
2A ISSC,4MMMTA,Le marché : théorie et applications
2A ISSC,4MMSANG,Soutien en anglais
2A ISSC,4MMSM,Stratégie - Marketing
2A ISSC,4MMTANS1,Projet TANDEM
2A ISSC,4MMTDI,Traitement de l'information
2A ISSC,4MMTLCMN,Théorie des langages et compilation - mise à niveau
2A MMIS,4MMANGS1,Anglais
2A MMIS,4MMEPSS1,"Activités physiques, sportives et artistiques"
2A MMIS,4MMGDPGL,Gestion de projet de génie logiciel
2A MMIS,4MMPBD,Projet BD
2A MMIS,4MMPGL6,Projet génie logiciel
2A MMIS,4MMPOO6,Programmation orientée objet
2A MMIS,4MMPPIP,Projet personnel et integration professionnelle
2A MMIS,4MMPSGBD,Principes des systemes de gestion de bases de donnees
2A MMIS,4MMAFCD6,Analyse fonctionnelle : du continu au discret
2A MMIS,4MMALLS1,LV2
2A MMIS,4MMCECA1,Création d'entreprise et création d'activite
2A MMIS,4MMMEDP6,Modèles d'EDP et schémas numériques en sciences de l'ingénieur (en anglais)
2A MMIS,4MMMG6,Modelisation geometrique
2A MMIS,4MMMOS1,Management des organisations
2A MMIS,4MMMPA6,Modèles probabilistes pour l'apprentissage
2A MMIS,4MMMTA,Le marché : théorie et applications
2A MMIS,4MMOC6,Optimisation combinatoire
2A MMIS,4MMSANG,Soutien en anglais
2A MMIS,4MMSD6,Systèmes dynamiques
2A MMIS,4MMSM,Stratégie - Marketing
2A MMIS,4MMTANS1,Projet TANDEM
2A SLE,4MMANGS1,Anglais
2A SLE,4MMEPSS1,"Activités physiques, sportives et artistiques"
2A SLE,4MMGDPGL,Gestion de projet de génie logiciel
2A SLE,4MMISET6,Introduction aux systemes d'exploitation temps-réel
2A SLE,4MMMFTP6,Modèles formels du temps et du parallelisme
2A SLE,4MMPCSEF,Projet de conception de systèmes d'exploitation - fondements
2A SLE,4MMPGL6,Projet génie logiciel
2A SLE,4MMPOO6,Programmation orientée objet
2A SLE,4MMPPIP,Projet personnel et integration professionnelle
2A SLE,4MMSEPC,Système d'exploitation et programmation concurrente
2A SLE,4MMALLS1,LV2
2A SLE,4MMAPMA,Algorithmique et programmation - mise a niveau
2A SLE,4MMAUT6,Automatique
2A SLE,4MMCECA1,Création d'entreprise et création d'activite
2A SLE,4MMGAMN,Graphes et applications - mise à niveau
2A SLE,4MMMOS1,Management des organisations
2A SLE,4MMMTA,Le marché : théorie et applications
2A SLE,4MMSANG,Soutien en anglais
2A SLE,4MMSM,Stratégie - Marketing
2A SLE,4MMTANS1,Projet TANDEM
2A SLE,4MMTDI,Traitement de l'information
2A SLE,4MMTLCMN,Théorie des langages et compilation - mise à niveau
3A IF,5MMANGL6,Anglais
3A IF,5MMCPA,Calcul parallèle avancé
3A IF,5MMCTIF6,Conférences technologiques
3A IF,5MMIM,Innovation et management
3A IF,5MMMDT,Marchés de taux
3A IF,5MMMMCF6,Méthodes de Monte-Carlo en finance
3A IF,5MMMNAF6,Méthodes numériques avancées en finance
3A IF,5MMPDAC6,Projet Développement d'Applications Communicantes
3A IF,5MMPEPS4,Projet évaluation de produits structurés
3A IF,5MMPFTC6,Principes de la finance en temps continu
3A IF,5MMPMP6,Projet de Modélisation et Programmation
3A IF,5MMREX,Retour d'expérience
3A IF,5MMSIC,Sécurité informatique et confidentialité
3A IF,5MMSTAG,Stage assistant-ingénieur
3A IF,WMMF9M10,Projet d'introduction à la plateforme.NET
3A IF,WMMF9M11,Calcul parallèle en finance
3A IF,WMMF9M20,"Pilotage bancaire : risques, réglementation et éthique"
3A IF,WMMF9M21,Finance internationale
3A IF,WMMF9M30,Microstructure et mécanisme des marchés financiers
3A IF,WMMF9M31,Gestion dynamique des risques financiers
3A IF,WMMFMA10,Projet programmation méthodes mathématiques pour la finance
3A IF,WMMFMA11,Méthodes statistiques pour la finance
3A IF,WMMFMA20,EDP pour la Finance
3A IF,WMMFMA21,Discrétisation de processus et options américaines
3A IF,WMMFMA22,Fondements Mathématiques du Calcul Stochastique
3A IF,WMMFMB10,Traitement des données temps réel et données hétérogènes
3A IF,WMMFMB11,Introduction aux applications réparties
3A IF,WMMFMB12,Choix de portefeuille et mesures de performance
3A IF,WMMFMB20,Construction d'applications web
3A IF,WMMFMB21,Gestion alternative
3A IF,5MMALL6,LV2
3A IF,5MMAPSA,"Activités Physiques, Sportives et Artistiques"
3A IF,5MMDROI6,Droit et informatique
3A IF,5MMEPOL6,Économie Politique
3A IF,5MMSANG,Soutien en anglais
3A IF,5MMTAND,Projet TANDEM
3A ISI,5MMANGL6,Anglais
3A ISI,5MMARC5,Algorithmique répartie et Cloud
3A ISI,5MMCTISI,Conférences technologiques
3A ISI,5MMIM,Innovation et management
3A ISI,5MMISSI6,Introduction à la sécurité des systèmes d'information 
3A ISI,5MMJA,Journée Agile
3A ISI,5MMREX,Retour d'expérience
3A ISI,5MMSICP,Systèmes d'information : conception et processus
3A ISI,5MMSTAG,Stage assistant-ingénieur
3A ISI,5MMTSL6,Test des systèmes logiciels
3A ISI,5MMAIWDW,Accès à l'information : du web des données au web sémantique
3A ISI,5MMAL,Architecture logicielle
3A ISI,5MMALL6,LV2
3A ISI,5MMAPSA,"Activités Physiques, Sportives et Artistiques"
3A ISI,5MMCOD,Challenge Open Data
3A ISI,5MMDROI6,Droit et informatique
3A ISI,5MMEPOL6,Économie Politique
3A ISI,5MMGDGE,Gestion de données à grande échelle
3A ISI,5MMIDM,Ingénierie des modèles
3A ISI,5MMMSSI,Modèles pour la sécurité des systèmes informatiques
3A ISI,5MMMVSCT,Modélisation et vérification des systèmes concurrents et temps réel
3A ISI,5MMPCIS,Projet CIS : Construction d'infrastructures sécurisées
3A ISI,5MMPILBI,Projet d'Infrastructure Logicielle pour le Bâtiment Intelligent
3A ISI,5MMRMA2,Réseaux mobiles et avancés
3A ISI,5MMSANG,Soutien en anglais
3A ISI,5MMSDCA,Systèmes distribués et Cloud avancé
3A ISI,5MMSDTD,Systèmes distribués pour le traitement des données
3A ISI,5MMTAND,Projet TANDEM
3A ISSC,5MMANGL6,Anglais
3A ISSC,5MMBDER6,Bases de données en réseau
3A ISSC,5MMCTISS,Conférences technologiques
3A ISSC,5MMIM,Innovation et management
3A ISSC,5MMNAS6,Nouvelles architectures de services
3A ISSC,5MMPERF6,Performances
3A ISSC,5MMPRA3,Projet réseaux avancés
3A ISSC,5MMRCS,Réseaux cellulaires et satellites
3A ISSC,5MMRDA6,Réseaux de données avancés
3A ISSC,5MMREX,Retour d'expérience
3A ISSC,5MMSAR6,Systèmes et applications réparties
3A ISSC,5MMSTAG,Stage assistant-ingénieur
3A ISSC,5MMWIO,WLAN et Internet des objets
3A ISSC,5MMALL6,LV2
3A ISSC,5MMAPSA,"Activités Physiques, Sportives et Artistiques"
3A ISSC,5MMDROI6,Droit et informatique
3A ISSC,5MMEPOL6,Économie Politique
3A ISSC,5MMISSI6,Introduction à la sécurité des systèmes d'information 
3A ISSC,5MMSANG,Soutien en anglais
3A ISSC,5MMTAND,Projet TANDEM
3A ISSC,5MMTSL6,Test des systèmes logiciels
3A MMIS,5MM2531C,"Level sets, transport optimal : application à l'image (en anglais)"
3A MMIS,5MM2531G,Ondelettes et applications au traitement d'image (en anglais)
3A MMIS,5MM25323,Méthodes inverses (en anglais)
3A MMIS,5MM25331,Imagerie médicale : tomographie et reconstruction 3D (en anglais)
3A MMIS,5MM2533I,Biologie computationnelle (en anglais)
3A MMIS,5MM2537I,Reconnaissance des formes et apprentissage (en anglais)
3A MMIS,5MMAMI,Applications médicales de l'image
3A MMIS,5MMANGL6,Anglais
3A MMIS,5MMCTMMI,Conférences Technologiques
3A MMIS,5MMHPCM,HPC pour la modelisation
3A MMIS,5MMIM,Innovation et management
3A MMIS,5MMIPW,Interactions post-WIMP
3A MMIS,5MMIVO,Introduction à la Vision par Ordinateur
3A MMIS,5MMMS,Modélisation surfacique
3A MMIS,5MMREX,Retour d'expérience
3A MMIS,5MMSIA1,Synthèse d'image et animation
3A MMIS,5MMSTAG,Stage assistant-ingénieur
3A MMIS,5MM2531C,"Level sets, transport optimal : application à l'image (en anglais)"
3A MMIS,5MM2531G,Ondelettes et applications au traitement d'image (en anglais)
3A MMIS,5MM25323,Méthodes inverses (en anglais)
3A MMIS,5MM25331,Imagerie médicale : tomographie et reconstruction 3D (en anglais)
3A MMIS,5MM2535V,Visualisation scientifique (en anglais)
3A MMIS,5MM2536G,Traitement d'image avancé (en anglais)
3A MMIS,5MM2537I,Reconnaissance des formes et apprentissage (en anglais)
3A MMIS,5MMALL6,LV2
3A MMIS,5MMAMI,Applications médicales de l'image
3A MMIS,5MMAPSA,"Activités Physiques, Sportives et Artistiques"
3A MMIS,5MMCGPU,Calcul sur GPU
3A MMIS,5MMDROI6,Droit et informatique
3A MMIS,5MMDVGE,Comprendre les données visuelles à grande échelle
3A MMIS,5MMEPOL6,Économie Politique
3A MMIS,5MMGL,Génie logiciel
3A MMIS,5MMHPCM,HPC pour la modelisation
3A MMIS,5MMIA3D,Ingénierie de l'animation 3D
3A MMIS,5MMIVO,Introduction à la Vision par Ordinateur
3A MMIS,5MMPPPTV,"Parole : production, perception et technologies vocales"
3A MMIS,5MMS538I,Modélisation stochastique pour les neurosciences (en anglais)
3A MMIS,5MMSANG,Soutien en anglais
3A MMIS,5MMSIA1,Synthèse d'image et animation
3A MMIS,5MMTAND,Projet TANDEM
3A SLE,5MMANGL6,Anglais
3A SLE,5MMCEAMC,"Conception et exploration d'architectures, multi-coeurs, réseaux sur puces"
3A SLE,5MMCTSL0,Conférences technologiques
3A SLE,5MMECIS,Etude de cas d'implantation d'un SLE
3A SLE,5MMIM,Innovation et management
3A SLE,5MMMTSP,Modélisation transactionnelle des systèmes sur puces
3A SLE,5MMREX,Retour d'expérience
3A SLE,5MMSD3,Systèmes distribués
3A SLE,5MMSSE,Sécurité des systèmes embarqués
3A SLE,5MMSTAG,Stage assistant-ingénieur
3A SLE,5MMSTRMR,"Systèmes temps-réel, modélisation réaliste et implantation multi-taches"
3A SLE,5MMTF,Tolérance aux fautes
3A SLE,5MMVSE,Validation des systèmes embarqués
3A SLE,5MMALL6,LV2
3A SLE,5MMAPSA,"Activités Physiques, Sportives et Artistiques"
3A SLE,5MMDROI6,Droit et informatique
3A SLE,5MMEPOL6,Économie Politique
3A SLE,5MMSANG,Soutien en anglais
3A SLE,5MMTAND,Projet TANDEM
